{
  "$schema": "https://schema.management.azure.com/schemas/2015-01-01/deploymentParameters.json#",
  "contentVersion": "1.0.0.0",
  "parameters": {
    "enterpriseScaleCompanyPrefix": {
      "value": ""
    },
    "managementSubscriptionId": {
      "value": ""
    },
    "connectivitySubscriptionId": {
      "value": ""
    },
    "identitySubscriptionId": {
      "value": ""
    },
    "denySubnetWithoutNsgForIdentity": {
      "value": "Yes"
    },
    "denyRdpForIdentity": {
      "value": "Yes"
    },
    "denyPipForIdentity": {
      "value": "Yes"
    },
    "enableVmBackupForIdentity": {
      "value": "Yes"
    },
    "onlineLzSubscriptionId": {
      "value": []
    },
    "corpLzSubscriptionId": {
      "value": []
    },
    "enableLogAnalytics": {
      "value": "Yes"
    },
    "retentionInDays": {
      "value": "30"
    },
    "enableAsc": {
      "value": "Yes"
    },
    "enableAksPolicy": {
      "value": "No"
    },
    "enableAscForServers": {
      "value": "Yes"
    },
    "enableAscForAppServices": {
      "value": "Yes"
    },
    "enableAscForStorage": {
      "value": "Yes"
    },
    "enableAscForSql": {
      "value": "Yes"
    },
    "enableAscForKeyVault": {
      "value": "Yes"
    },
    "enableAscForArm": {
      "value": "Yes"
    },
    "enableAscForDns": {
      "value": "Yes"
    },
    "enableAscForKubernetes": {
      "value": "Yes"
    },
    "enableAscForRegistries": {
      "value": "Yes"
    },
    "denyAksPrivileged": {
      "value": "Yes"
    },
    "denyAksPrivilegedEscalation": {
      "value": "Yes"
    },
    "denyHttpIngressForAks": {
      "value": "Yes"
    },
    "enableArcMonitoring": {
      "value": "No"
    },
    "enableVmMonitoring": {
      "value": "Yes"
    },
    "enableVmssMonitoring": {
      "value": "Yes"
    },
    "enableSecuritySolution": {
      "value": "Yes"
    },
    "enableAgentHealth": {
      "value": "Yes"
    },
    "enableChangeTracking": {
      "value": "Yes"
    },
    "enableUpdateMgmt": {
      "value": "Yes"
    },
    "enableActivityLog": {
      "value": "Yes"
    },
    "enableAntiMalware": {
      "value": "Yes"
    },
    "enableVmInsights": {
      "value": "Yes"
    },
    "enableServiceMap": {
      "value": "Yes"
    },
    "enableSqlAssessment": {
      "value": "Yes"
    },
    "enableSqlAudit": {
      "value": "Yes"
    },
    "enableSqlEncryption": {
      "value": "Yes"
    },
    "enableVmBackup": {
      "value": "Yes"
    },
    "denyRdp": {
      "value": "Yes"
    },
    "enableStorageHttps": {
      "value": "Yes"
    },
    "denyIpForwarding": {
      "value": "Yes"
    },
    "denySubnetWithoutNsg": {
      "value": "Yes"
    },
    "addressPrefix": {
      "value": ""
    },
    "enableVpnGw": {
      "value": "Yes"
    },
    "enableErGw": {
      "value": "No"
    },
    "location": {
      "value": ""
    },
    "enableHub": {
      "value": "Yes"
    },
    "enableAzFw": {
      "value": "Yes"
    },
    "vpnGwType": {
      "value": "RouteBased"
    },
    "subnetMaskForAzFw": {
      "value": ""
    },
    "subnetMaskForGw": {
      "value": ""
    }
  }
}