{
    "$schema": "https://schema.management.azure.com/schemas/2019-08-01/tenantDeploymentTemplate.json#",
    "contentVersion": "1.0.0.0",
    "parameters": {
        "enterpriseScaleCompanyPrefix": {
            "type": "string",
            "maxLength": 5,
            "metadata": {
                "description": "Provide the prefix (max 5 characters) to the management group hierarchy that will be created"
            }
        },
        "managementSubscriptionId": {
            "type": "string",
            "defaultValue": "",
            "maxLength": 36,
            "metadata": {
                "description": "Provide the subscription id of an existing, empty subscription you want to dedicate for management. If you don't want to bring a subscription, leave this parameter empty as is."
            }
        },
        "connectivitySubscriptionId": {
            "type": "string",
            "defaultValue": "",
            "maxLength": 36,
            "metadata": {
                "description": "Provide the subscription id of an existing, empty subscription you want to dedicate for networking."
            }
        },
        "identitySubscriptionId": {
            "type": "string",
            "defaultValue": "",
            "maxLength": 36,
            "metadata": {
                "description": "Provide the subscription id of an existing, empty subscription you want to dedicate for identity."
            }
        },
        "denySubnetWithoutNsgForIdentity": {
            "type": "string",
            "allowedValues": [
                "Yes",
                "No"
            ],
            "defaultValue": "No"
        },
        "denyRdpForIdentity": {
            "type": "string",
            "allowedValues": [
                "Yes",
                "No"
            ],
            "defaultValue": "No"
        },
        "denyPipForIdentity": {
            "type": "string",
            "allowedValues": [
                "Yes",
                "No"
            ],
            "defaultValue": "No"
        },
        "enableVmBackupForIdentity": {
            "type": "string",
            "allowedValues": [
                "Yes",
                "No"
            ],
            "defaultValue": "No"
        },
        "onlineLzSubscriptionId": {
            "type": "array",
            "defaultValue": [],
            "metadata": {
                "description": "Provide the subscription ids for existing, empty subscriptions you want to move in as your first online landing zones."
            }
        },
        "corpLzSubscriptionId": {
            "type": "array",
            "defaultValue": [],
            "metadata": {
                "description": "Provide the subscription ids for existing, empty subscriptions you want to move in as your first corp landing zones."
            }
        },
        "enableLogAnalytics": {
            "type": "string",
            "defaultValue": "No",
            "allowedValues": [
                "Yes",
                "No"
            ],
            "metadata": {
                "description": "If 'Yes' is selected when also adding a subscription for management, ARM will assign two policies to enable auditing in your environment, into the Log Analytics workspace for platform monitoring. If 'No', it will be ignored."
            }
        },
        "retentionInDays": {
            "type": "string",
            "defaultValue": ""
        },        
        "enableAsc": {
            "type": "string",
            "defaultValue": "No",
            "allowedValues": [
                "Yes",
                "No"
            ],
            "metadata": {
                "description": "If 'Yes' is selected when also adding a subscription for management, ARM will assign two policies to enable auditing in your environment, into the Log Analytics workspace for platform monitoring. If 'No', it will be ignored."
            }
        },
        "enableAksPolicy": {
            "type": "string",
            "defaultValue": "No",
            "allowedValues": [
                "Yes",
                "No"
            ]
        },
        "enableAscForServers": {
            "type": "string",
            "defaultValue": "Free",
            "allowedValues": [
                "Standard",
                "Free"
            ]
        },
        "enableAscForAppServices": {
            "type": "string",
            "defaultValue": "Free",
            "allowedValues": [
                "Standard",
                "Free"
            ]
        },
        "enableAscForStorage": {
            "type": "string",
            "defaultValue": "Free",
            "allowedValues": [
                "Standard",
                "Free"
            ]
        },
        "enableAscForSql": {
            "type": "string",
            "defaultValue": "Free",
            "allowedValues": [
                "Standard",
                "Free"
            ]
        },
        "enableAscForKeyVault": {
            "type": "string",
            "defaultValue": "Free",
            "allowedValues": [
                "Standard",
                "Free"
            ]
        },
        "enableAscForArm": {
            "type": "string",
            "defaultValue": "Free",
            "allowedValues": [
                "Standard",
                "Free"
            ]
        },
        "enableAscForDns": {
            "type": "string",
            "defaultValue": "Free",
            "allowedValues": [
                "Standard",
                "Free"
            ]
        },
        "enableAscForKubernetes": {
            "type": "string",
            "defaultValue": "Free",
            "allowedValues": [
                "Standard",
                "Free"
            ]
        },
        "enableAscForRegistries": {
            "type": "string",
            "defaultValue": "Free",
            "allowedValues": [
                "Standard",
                "Free"
            ]
        },
        "denyAksPrivileged": {
            "type": "string",
            "defaultValue": "No",
            "allowedValues": [
                "Yes",
                "No"
            ]
        },
        "denyAksPrivilegedEscalation": {
            "type": "string",
            "defaultValue": "No",
            "allowedValues": [
                "Yes",
                "No"
            ]
        },
        "denyHttpIngressForAks": {
            "type": "string",
            "defaultValue": "No",
            "allowedValues": [
                "Yes",
                "No"
            ]
        },
        "enableArcMonitoring": {
            "type": "string",
            "defaultValue": "No",
            "allowedValues": [
                "Yes",
                "No"
            ],
            "metadata": {
                "description": "If 'Yes' is selected, policy will be assigned to enforce Arc monitoring."
            }
        },
        "enableVmMonitoring": {
            "type": "string",
            "defaultValue": "No",
            "allowedValues": [
                "Yes",
                "No"
            ],
            "metadata": {
                "description": "If 'Yes' is selected, policy will be assigned to enforce VM monitoring."
            }
        },
        "enableVmssMonitoring": {
            "type": "string",
            "defaultValue": "No",
            "allowedValues": [
                "Yes",
                "No"
            ],
            "metadata": {
                "description": "If 'Yes' is selected, policy will be assigned to enforce VMSS monitoring."
            }
        }, 
        "enableSecuritySolution": {
            "type": "string",
            "defaultValue": "No",
            "allowedValues": [
                "Yes",
                "No"
            ]
        },
        "enableAgentHealth": {
            "type": "string",
            "defaultValue": "No",
            "allowedValues": [
                "Yes",
                "No"
            ]
        },
        "enableChangeTracking": {
            "type": "string",
            "defaultValue": "No",
            "allowedValues": [
                "Yes",
                "No"
            ]
        },
        "enableUpdateMgmt": {
            "type": "string",
            "allowedValues": [
                "Yes",
                "No"
            ],
            "defaultValue": "Yes"
        },
        "enableActivityLog": {
            "type": "string",
            "allowedValues": [
                "Yes",
                "No"
            ],
            "defaultValue": "Yes"
        },
        "enableAntiMalware": {
            "type": "string",
            "allowedValues": [
                "Yes",
                "No"
            ],
            "defaultValue": "Yes"
        },
        "enableVmInsights": {
            "type": "string",
            "allowedValues": [
                "Yes",
                "No"
            ],
            "defaultValue": "Yes"
        },
        "enableServiceMap": {
            "type": "string",
            "allowedValues": [
                "Yes",
                "No"
            ],
            "defaultValue": "Yes"
        },
        "enableSqlAssessment": {
            "type": "string",
            "allowedValues": [
                "Yes",
                "No"
            ],
            "defaultValue": "Yes"
        },               
        "enableSqlAudit": {
            "type": "string",
            "defaultValue": "No",
            "allowedValues": [
                "Yes",
                "No"
            ]
        },
        "enableSqlEncryption": {
            "type": "string",
            "defaultValue": "No",
            "allowedValues": [
                "Yes",
                "No"
            ]
        },
        "enableVmBackup": {
            "type": "string",
            "defaultValue": "No",
            "allowedValues": [
                "Yes",
                "No"
            ]
        },
        "denyRdp": {
            "type": "string",
            "defaultValue": "No",
            "allowedValues": [
                "Yes",
                "No"
            ]
        },
        "enableStorageHttps": {
            "type": "string",
            "defaultValue": "No",
            "allowedValues": [
                "Yes",
                "No"
            ]
        },
        "denyIpForwarding": {
            "type": "string",
            "defaultValue": "No",
            "allowedValues": [
                "Yes",
                "No"
            ]
        },
        "denySubnetWithoutNsg": {
            "type": "string",
            "allowedValues": [
                "Yes",
                "No"
            ],
            "defaultValue": "No"
        },
        "addressPrefix": {
            "type": "string",
            "defaultValue": ""
        },
        "enableVpnGw": {
            "type": "string",
            "defaultValue": "No",
            "allowedValues": [
                "Yes",
                "No"
            ]
        },
        "enableErGw": {
            "type": "string",
            "defaultValue": "No",
            "allowedValues": [
                "Yes",
                "No"
            ]
        },
        "location": {
            "type": "string",
            "defaultValue": "[deployment().location]"
        },
        "enableHub": {
            "type": "string",
            "allowedValues": [
                "Yes",
                "No"
            ],
            "defaultValue": "No"
        },
        "enableAzFw": {
            "type": "string",
            "allowedValues": [
                "Yes",
                "No"
            ],
            "defaultValue": "No"
        },
        "vpnGwType": {
            "type": "string",
            "allowedValues": [
                "PolicyBased",
                "RouteBased"
            ],
            "defaultValue": "RouteBased"
        },
        "subnetMaskForAzFw": {
            "type": "string",
            "defaultValue": ""
        },
        "subnetMaskForGw": {
            "type": "string",
            "defaultValue": ""
        }
    },
    "variables": {
        "azPolicyEnvMapping": {
            "https://management.azure.com/": "auxiliary/policies.json",
            "https://management.usgovcloudapi.net": "auxiliary/policies.json"
        },
        "azEnvPolicy": "[variables('azPolicyEnvMapping')[environment().resourceManager]]",
        "deploymentUris": {
            "managementGroups": "[uri(deployment().properties.templateLink.uri, 'auxiliary/mgmtGroups.json')]",
            "policyDefinitions": "[concat(uri(deployment().properties.templateLink.uri, variables('azEnvPolicy')))]",
            "monitoring": "[uri(deployment().properties.templateLink.uri, 'auxiliary/logAnalytics.json')]",
            "monitoringSolutions": "[uri(deployment().properties.templateLink.uri, 'auxiliary/logAnalyticsSolutions.json')]",
            "connectivity": "[uri(deployment().properties.templateLink.uri, 'auxiliary/hubspoke-connectivity.json')]",
            "diagnosticsAndSecurity": "[uri(deployment().properties.templateLink.uri, 'auxiliary/diagnosticsAndSecurity.json')]",
            "landingZone": "[uri(deployment().properties.templateLink.uri, 'auxiliary/lz.json')]",
            "identity": "[uri(deployment().properties.templateLink.uri, 'auxiliary/identity.json')]"
        },
        "moveSubscription": "[concat(parameters('enterpriseScaleCompanyPrefix'), '-management', '/', parameters('managementSubscriptionId'))]",
        "noSubscription": "[concat(parameters('enterpriseScaleCompanyPrefix'), '-management', '/', 'na')]",
        "noOnlineLzSubscription": "[concat(parameters('enterpriseScaleCompanyPrefix'), '-online', '/', 'nalz')]",
        "noCorpLzSubscription": "[concat(parameters('enterpriseScaleCompanyPrefix'), '-corp', '/', 'nalz')]",
        "connectivityMoveSubscription": "[concat(parameters('enterpriseScaleCompanyPrefix'), '-connectivity', '/', parameters('connectivitySubscriptionId'))]",
        "noConnectivitySubscription": "[concat(parameters('enterpriseScaleCompanyPrefix'), '-connectivity', '/', 'naconn')]",
        "identityMoveSubscription": "[concat(parameters('enterpriseScaleCompanyPrefix'), '-identity', '/', parameters('identitySubscriptionId'))]",
        "noIdentitySubscription": "[concat(parameters('enterpriseScaleCompanyPrefix'), '-identity', '/', 'naid')]",
        "deploymentNames": {
            "mgmtGroupDeploymentName": "[take(concat('EntScale-Mgs', '-', deployment().location, guid(parameters('enterpriseScaleCompanyPrefix'))), 64)]",
            "policyDeploymentName": "[take(concat('EntScale-Policy', '-', deployment().location, guid(parameters('enterpriseScaleCompanyPrefix'))), 64)]",
            "monitoringDeploymentName": "[take(concat('EntScale-Monitoring', '-', deployment().location, guid(parameters('enterpriseScaleCompanyPrefix'))), 64)]",
            "monitoringSolutionsDeploymentName": "[take(concat('EntScale-Solutions', '-', deployment().location, guid(parameters('enterpriseScaleCompanyPrefix'))), 64)]",
            "diagAndSecDeploymentName": "[take(concat('EntScale-DiagSec', '-', deployment().location, guid(parameters('enterpriseScaleCompanyPrefix'))), 64)]",
            "connectivityDeploymentName": "[take(concat('EntScale-conn', '-', deployment().location, guid(parameters('enterpriseScaleCompanyPrefix'))), 64)]",
            "lzDeploymentName": "[take(concat('EntScale-LZ', '-', deployment().location, guid(parameters('enterpriseScaleCompanyPrefix'))), 64)]",
            "identityDeploymentName": "[take(concat('EntScale-ID', '-', deployment().location, guid(parameters('enterpriseScaleCompanyPrefix'))), 64)]"
        }
    },
    "resources": [
        {
            "type": "Microsoft.Resources/deployments",
            "apiVersion": "2019-10-01",
            "name": "[variables('deploymentNames').mgmtGroupDeploymentName]",
            "location": "[deployment().location]",
            "properties": {
                "mode": "Incremental",
                "templateLink": {
                    "contentVersion": "1.0.0.0",
                    "uri": "[variables('deploymentUris').managementGroups]"
                },
                "parameters": {
                    "topLevelManagementGroupPrefix": {
                        "value": "[parameters('enterpriseScaleCompanyPrefix')]"
                    }
                }
            }
        },
        {
            "type": "Microsoft.Resources/deployments",
            "apiVersion": "2019-10-01",
            "name": "[variables('deploymentNames').policyDeploymentName]",
            "location": "[deployment().location]",
            "scope": "[concat('Microsoft.Management/managementGroups/', parameters('enterpriseScaleCompanyPrefix'))]",
            "dependsOn": [
                "[variables('deploymentNames').mgmtGroupDeploymentName]"
            ],
            "properties": {
                "mode": "Incremental",
                "templateLink": {
                    "contentVersion": "1.0.0.0",
                    "uri": "[variables('deploymentUris').policyDefinitions]"
                },
                "parameters": {
                    "topLevelManagementGroupPrefix": {
                        "value": "[parameters('enterpriseScaleCompanyPrefix')]"
                    }
                }
            }
        },
        {
            "type": "Microsoft.Resources/deployments",
            "apiVersion": "2019-10-01",
            "name": "[concat('delayFor', copyIndex())]",
            "location": "[deployment().location]",
            "scope": "[concat('Microsoft.Management/managementGroups/', parameters('enterpriseScaleCompanyPrefix'))]",
            "dependsOn": [
                "[variables('deploymentNames').policyDeploymentName]"
            ],
            "copy": {
                "batchSize": 1,
                "count": 20,
                "mode": "Serial",
                "name": "DeploymentDelay"
            },
            "properties": {
                "mode": "Incremental",
                "template": {
                    "$schema": "https://schema.management.azure.com/schemas/2019-08-01/managementGroupDeploymentTemplate.json#",
                    "contentVersion": "1.0.0.0",
                    "parameters": {},
                    "resources": [],
                    "outputs": {}
                }
            }
        },
        {
            "condition": "[not(empty(parameters('managementSubscriptionId')))]",
            "type": "Microsoft.Management/managementGroups/subscriptions",
            "apiVersion": "2020-05-01",
            "name": "[if(not(empty(parameters('managementSubscriptionId'))), variables('moveSubscription'), variables('noSubscription'))]",
            "dependsOn": [
                "[variables('deploymentNames').mgmtGroupDeploymentName]"
            ],
            "properties": {}
        },
        {
            "condition": "[not(empty(parameters('identitySubscriptionId')))]",
            "type": "Microsoft.Management/managementGroups/subscriptions",
            "apiVersion": "2020-05-01",
            "name": "[if(not(empty(parameters('identitySubscriptionId'))), variables('identityMoveSubscription'), variables('noIdentitySubscription'))]",
            "dependsOn": [
                "[variables('deploymentNames').mgmtGroupDeploymentName]"
            ],
            "properties": {}
        },
        {
            "condition": "[not(empty(parameters('onlineLzSubscriptionId')))]",
            "type": "Microsoft.Management/managementGroups/subscriptions",
            "apiVersion": "2020-05-01",
            "name": "[if(not(empty(parameters('onlineLzSubscriptionId'))), concat(parameters('enterpriseScaleCompanyPrefix'), '-online', '/', parameters('onlineLzSubscriptionId')[copyIndex()]), variables('noOnlineLzSubscription'))]",
            "dependsOn": [
                "[variables('deploymentNames').mgmtGroupDeploymentName]"
            ],
            "copy": {
                "name": "onlineLzMove",
                "count": "[length(parameters('onlineLzSubscriptionId'))]"
            },
            "properties": {}
        },
        {
            "condition": "[not(empty(parameters('corpLzSubscriptionId')))]",
            "type": "Microsoft.Management/managementGroups/subscriptions",
            "apiVersion": "2020-05-01",
            "name": "[if(not(empty(parameters('corpLzSubscriptionId'))), concat(parameters('enterpriseScaleCompanyPrefix'), '-corp', '/', parameters('corpLzSubscriptionId')[copyIndex()]), variables('noCorpLzSubscription'))]",
            "dependsOn": [
                "[variables('deploymentNames').mgmtGroupDeploymentName]"
            ],
            "copy": {
                "name": "onlineLzMove",
                "count": "[length(parameters('corpLzSubscriptionId'))]"
            },
            "properties": {}
        },        
        {
            "condition": "[and(not(empty(parameters('managementSubscriptionId'))),equals(parameters('enableLogAnalytics'), 'Yes'))]",
            "type": "Microsoft.Resources/deployments",
            "apiVersion": "2019-05-01",
            "scope": "[concat('Microsoft.Management/managementGroups/', parameters('enterpriseScaleCompanyPrefix'), '-management')]",
            "name": "[variables('deploymentNames').monitoringDeploymentName]",
            "dependsOn": [
                "[variables('deploymentNames').policyDeploymentName]",
                "DeploymentDelay"
            ],
            "location": "[deployment().location]",
            "properties": {
                "mode": "Incremental",
                "templateLink": {
                    "contentVersion": "1.0.0.0",
                    "uri": "[variables('deploymentUris').monitoring]"
                },
                "parameters": {
                    "topLevelManagementGroupPrefix": {
                        "value": "[parameters('enterpriseScaleCompanyPrefix')]"
                    },
                    "enableLogAnalytics": {
                        "value": "[parameters('enableLogAnalytics')]"
                    },
                    "managementSubscriptionId": {
                        "value": "[parameters('managementSubscriptionId')]"
                    },
                    "retentionInDays": {
                        "value": "[parameters('retentionInDays')]"
                    }
                }
            }
        },
        {
            "condition": "[and(not(empty(parameters('managementSubscriptionId'))), or(or(or(or(or(equals(parameters('enableSecuritySolution'), 'Yes'), equals(parameters('enableAgentHealth'), 'Yes')), equals(parameters('enableChangeTracking'), 'Yes')), equals(parameters('enableUpdateMgmt'), 'Yes'), equals(parameters('enableActivityLog'), 'Yes')), equals(parameters('enableAntiMalware'), 'Yes'), equals(parameters('enableVmInsights'), 'Yes')), equals(parameters('enableServiceMap'), 'Yes'), equals(parameters('enableSqlAssessment'), 'Yes')))]",
            "type": "Microsoft.Resources/deployments",
            "apiVersion": "2019-05-01",
            "subscriptionId": "[parameters('managementSubscriptionId')]",
            "name": "[variables('deploymentNames').monitoringSolutionsDeploymentName]",
            "dependsOn": [
                "[variables('deploymentNames').monitoringDeploymentName]"
            ],
            "location": "[deployment().location]",
            "properties": {
                "mode": "Incremental",
                "templateLink": {
                    "contentVersion": "1.0.0.0",
                    "uri": "[variables('deploymentUris').monitoringSolutions]"
                },
                "parameters": {
                    "topLevelManagementGroupPrefix": {
                        "value": "[parameters('enterpriseScaleCompanyPrefix')]"
                    },
                    "managementSubscriptionId": {
                        "value": "[parameters('managementSubscriptionId')]"
                    },
                    "enableSecuritySolution": {
                        "value": "[parameters('enableSecuritySolution')]"
                    },
                    "enableAgentHealth": {
                        "value": "[parameters('enableAgentHealth')]"
                    },
                    "enableChangeTracking": {
                        "value": "[parameters('enableChangeTracking')]"
                    },
                    "enableUpdateMgmt": {
                        "value": "[parameters('enableUpdateMgmt')]"
                    },
                    "enableActivityLog": {
                        "value": "[parameters('enableActivityLog')]"
                    },
                    "enableAntiMalware": {
                        "value": "[parameters('enableAntiMalware')]"
                    },
                    "enableVmInsights": {
                        "value": "[parameters('enableVmInsights')]"
                    },
                    "enableServiceMap": {
                        "value": "[parameters('enableServiceMap')]"
                    },
                    "enableSqlAssessment": {
                        "value": "[parameters('enableSqlAssessment')]"
                    }
                }
            }
        },
        {
            "condition": "[not(empty(parameters('identitySubscriptionId')))]",
            "type": "Microsoft.Resources/deployments",
            "apiVersion": "2019-05-01",
            "scope": "[concat('Microsoft.Management/managementGroups/', parameters('enterpriseScaleCompanyPrefix'), '-identity')]",
            "name": "[variables('deploymentNames').identityDeploymentName]",
            "dependsOn": [
                "[variables('deploymentNames').policyDeploymentName]",
                "DeploymentDelay"
            ],
            "location": "[deployment().location]",
            "properties": {
                "mode": "Incremental",
                "templateLink": {
                    "contentVersion": "1.0.0.0",
                    "uri": "[variables('deploymentUris').identity]"
                },
                "parameters": {
                    "topLevelManagementGroupPrefix": {
                        "value": "[parameters('enterpriseScaleCompanyPrefix')]"
                    },
                    "denyRdpForIdentity": {
                        "value": "[parameters('denyRdpForIdentity')]"
                    },
                    "denySubnetWithoutNsgForIdentity": {
                        "value": "[parameters('denySubnetWithoutNsgForIdentity')]"
                    },
                    "denyPipForIdentity": {
                        "value": "[parameters('denyPipForIdentity')]"
                    },
                    "enableVmBackupForIdentity": {
                        "value": "[parameters('enableVmBackupForIdentity')]"
                    }
                }
            }
        },
        {
            "condition": "[or(or(or(or(or(or(equals(parameters('enableVmBackup'), 'Yes'), equals(parameters('enableSqlAudit'), 'Yes')), equals(parameters('denyAksPrivilegedEscalation'), 'Yes'), equals(parameters('denyHttpIngressForAks'), 'Yes')), equals(parameters('denyAksPrivileged'), 'Yes'), equals(parameters('denyAksPrivileged'), 'Yes')), equals(parameters('denySubnetWithoutNsg'), 'Yes'), equals(parameters('enableSqlAssessment'), 'Yes')), equals(parameters('enableVmMonitoring'), 'Yes'), equals(parameters('enableVmMonitoring'), 'Yes')), equals(parameters('enableSqlEncryption'), 'Yes'), equals(parameters('enableStorageHttps'), 'Yes'))]",
            "type": "Microsoft.Resources/deployments",
            "apiVersion": "2019-05-01",
            "scope": "[concat('Microsoft.Management/managementGroups/', parameters('enterpriseScaleCompanyPrefix'), '-landingzones')]",
            "name": "[variables('deploymentNames').lzDeploymentName]",
            "dependsOn": [
                "[variables('deploymentNames').policyDeploymentName]",
                "DeploymentDelay"
            ],
            "location": "[deployment().location]",
            "properties": {
                "mode": "Incremental",
                "templateLink": {
                    "contentVersion": "1.0.0.0",
                    "uri": "[variables('deploymentUris').landingZone]"
                },
                "parameters": {
                    "topLevelManagementGroupPrefix": {
                        "value": "[parameters('enterpriseScaleCompanyPrefix')]"
                    },
                    "denyHttpIngressForAks": {
                        "value": "[parameters('denyHttpIngressForAks')]"
                    },
                    "denyAksPrivilegedEscalation": {
                        "value": "[parameters('denyAksPrivilegedEscalation')]"
                    },
                    "denyAksPrivileged": {
                        "value": "[parameters('denyAksPrivileged')]"
                    },
                    "enableSqlAudit": {
                        "value": "[parameters('enableSqlAudit')]"
                    },
                    "enableSqlEncryption": {
                        "value": "[parameters('enableSqlEncryption')]"
                    },
                    "enableVmBackup": {
                        "value": "[parameters('enableVmBackup')]"
                    },
                    "denyRdp": {
                        "value": "[parameters('denyRdp')]"
                    },
                    "enableAksPolicy": {
                        "value": "[parameters('enableAksPolicy')]"
                    },
                    "enableStorageHttps": {
                        "value": "[parameters('enableStorageHttps')]"
                    },
                    "denyIpForwarding": {
                        "value": "[parameters('denyIpForwarding')]"
                    },
                    "denySubnetWithoutNsg": {
                        "value": "[parameters('denySubnetWithoutNsg')]"
                    }
                }
            }
        },
        {
            "condition": "[and(not(empty(parameters('managementSubscriptionId'))), or(equals(parameters('enableLogAnalytics'), 'Yes'), equals(parameters('enableAsc'), 'Yes')))]",
            "type": "Microsoft.Resources/deployments",
            "apiVersion": "2019-05-01",
            "scope": "[concat('Microsoft.Management/managementGroups/', parameters('enterpriseScaleCompanyPrefix'))]",
            "name": "[variables('deploymentNames').diagAndSecDeploymentName]",
            "dependsOn": [
                "[variables('deploymentNames').monitoringDeploymentName]",
                "DeploymentDelay"
            ],
            "location": "[deployment().location]",
            "properties": {
                "mode": "Incremental",
                "templateLink": {
                    "contentVersion": "1.0.0.0",
                    "uri": "[variables('deploymentUris').diagnosticsAndSecurity]"
                },
                "parameters": {
                    "topLevelManagementGroupPrefix": {
                        "value": "[parameters('enterpriseScaleCompanyPrefix')]"
                    },
                    "enableLogAnalytics": {
                        "value": "[parameters('enableLogAnalytics')]"
                    },
                    "enableAsc": {
                        "value": "[parameters('enableAsc')]"
                    },
                    "enableAscForServers": {
                        "value": "[parameters('enableAscForServers')]"
                    },
                    "enableAscForAppServices": {
                        "value": "[parameters('enableAscForAppServices')]"
                    },
                    "enableAscForStorage": {
                        "value": "[parameters('enableAscForStorage')]"
                    },
                    "enableAscForSql": {
                        "value": "[parameters('enableAscForSql')]"
                    },
                    "enableAscForKeyVault": {
                        "value": "[parameters('enableAscForKeyVault')]"
                    },
                    "enableAscForArm": {
                        "value": "[parameters('enableAscForArm')]"
                    },
                    "enableAscForDns": {
                        "value": "[parameters('enableAscForDns')]"
                    },
                    "enableAscForKubernetes": {
                        "value": "[parameters('enableAscForKubernetes')]"
                    },
                    "enableAscForRegistries": {
                        "value": "[parameters('enableAscForRegistries')]"
                    },
                    "managementSubscriptionId": {
                        "value": "[parameters('managementSubscriptionId')]"
                    },
                    "onlineLzSubscriptionId": {
                        "value": "[parameters('onlineLzSubscriptionId')]"
                    },
                    "corpLzSubscriptionId": {
                        "value": "[parameters('corpLzSubscriptionId')]"
                    },
                    "identitySubscriptionId": {
                        "value": "[parameters('identitySubscriptionId')]"
                    },
                    "connectivitySubscriptionId": {
                        "value": "[parameters('connectivitySubscriptionId')]"
                    },
                    "enableVmMonitoring": {
                        "value": "[parameters('enableVmMonitoring')]"
                    },
                    "enableVmssMonitoring": {
                        "value": "[parameters('enableVmssMonitoring')]"
                    },
                    "enableArcMonitoring": {
                        "value": "[parameters('enableArcMonitoring')]"
                    }
                }
            }
        },
        {
            "condition": "[not(empty(parameters('connectivitySubscriptionId')))]",
            "type": "Microsoft.Management/managementGroups/subscriptions",
            "apiVersion": "2020-05-01",
            "name": "[if(not(empty(parameters('connectivitySubscriptionId'))), variables('connectivityMoveSubscription'), variables('noConnectivitySubscription'))]",
            "dependsOn": [
                "DeploymentDelay"
            ],
            "properties": {}
        },
        {
            "condition": "[and(not(empty(parameters('connectivitySubscriptionId'))),equals(parameters('enableHub'), 'Yes'))]",
            "type": "Microsoft.Resources/deployments",
            "apiVersion": "2019-05-01",
            "scope": "[concat('Microsoft.Management/managementGroups/', parameters('enterpriseScaleCompanyPrefix'), '-connectivity')]",
            "name": "[variables('deploymentNames').connectivityDeploymentName]",
            "dependsOn": [
                "[variables('deploymentNames').diagAndSecDeploymentName]",
                "DeploymentDelay"
            ],
            "location": "[deployment().location]",
            "properties": {
                "mode": "Incremental",
                "templateLink": {
                    "contentVersion": "1.0.0.0",
                    "uri": "[variables('deploymentUris').connectivity]"
                },
                "parameters": {
                    "topLevelManagementGroupPrefix": {
                        "value": "[parameters('enterpriseScaleCompanyPrefix')]"
                    },
                    "enableHub": {
                        "value": "[parameters('enableHub')]"
                    },
                    "enableAzFw": {
                        "value": "[parameters('enableAzFw')]"
                    },
                    "addressPrefix": {
                        "value": "[parameters('addressPrefix')]"
                    },
                    "enableVpnGw": {
                        "value": "[parameters('enableVpnGw')]"
                    },
                    "enableErGw": {
                        "value": "[parameters('enableErGw')]"
                    },
                    "location": {
                        "value": "[parameters('location')]"
                    },
                    "connectivitySubscriptionId": {
                        "value": "[parameters('connectivitySubscriptionId')]"
                    },
                    "vpnGwType": {
                        "value": "[parameters('vpnGwType')]"
                    },
                    "subnetMaskForAzFw": {
                        "value": "[parameters('subnetMaskForAzFw')]"
                    },
                    "subnetMaskForGw": {
                        "value": "[parameters('subnetMaskForGw')]"
                    }
                }
            }
        }
    ],
    "outputs": {
        "deployment": {
            "type": "string",
            "value": "[concat(deployment().name, ' has successfully deployed. Welcome to Enterprise-Scale!')]"
        }
    }
}