{
    "$schema": "https://schema.management.azure.com/schemas/2019-08-01/managementGroupDeploymentTemplate.json#",
    "contentVersion": "1.0.0.0",
    "parameters": {
        "topLevelManagementGroupPrefix": {
            "type": "string",
            "maxLength": 5
        },
        "addressPrefix": {
            "type": "string",
            "metadata": {
                "displayName": "addressPrefix",
                "description": "Address prefix of the HUB"
            }
        },
        "location": {
            "type": "string",
            "metadata": {
                "displayName": "location",
                "description": "Location of the HUB"
            },
            "defaultValue": "[deployment().location]"
        },
        "enableHub": {
            "type": "string",
            "allowedValues": [
                "Yes",
                "No"
            ],
            "defaultValue": "No"
        },
        "enableAzFw": {
            "type": "string",
            "allowedValues": [
                "Yes",
                "No"
            ],
            "defaultValue": "No"
        },
        "enableVpnGw": {
            "type": "string",
            "allowedValues": [
                "Yes",
                "No"
            ],
            "defaultValue": "No"
        },
        "enableErGw": {
            "type": "string",
            "allowedValues": [
                "Yes",
                "No"
            ],
            "defaultValue": "No"
        },
        "connectivitySubscriptionId": {
            "type": "string",
            "defaultValue": "",
            "maxLength": 36
        },
        "vpnGwType": {
            "type": "string",
            "allowedValues": [
                "PolicyBased",
                "RouteBased"
            ],
            "defaultValue": "RouteBased"
        },
        "subnetMaskForAzFw": {
            "type": "string",
            "defaultValue": ""
        },
        "subnetMaskForGw": {
            "type": "string",
            "defaultValue": ""
        }
    },
    "variables": {
        "vpngwname": "[concat(parameters('topLevelManagementGroupPrefix'), '-vpngw-', parameters('location'))]",
        "erGwName": "[concat(parameters('topLevelManagementGroupPrefix'), '-ergw-', parameters('location'))]",
        "rgName": "[concat(parameters('topLevelManagementGroupPrefix'), '-connectivity')]",
        "hubName": "[concat(parameters('topLevelManagementGroupPrefix'), '-hub-', parameters('location'))]",
        "azVpnGwIpName": "[concat(variables('vpngwname'), '-pip')]",
        "azVpnGwSubnetId": "[concat('/subscriptions/', parameters('connectivitySubscriptionId'), '/resourceGroups/', variables('rgName'),'/providers/Microsoft.Network/virtualNetworks/', variables('hubname'), '/subnets/GatewaySubnet')]",
        "azFwName": "[concat(parameters('topLevelManagementGroupPrefix'), '-fw-', parameters('location'))]",
        "azErGwIpName": "[concat(variables('erGwName'), '-pip')]",
        "azVpnGwPipId": "[concat('/subscriptions/', parameters('connectivitySubscriptionId'), '/resourceGroups/', variables('rgName'), '/providers/Microsoft.Network/publicIPAddresses/', variables('azVpnGwIpName'))]",
        "azFwIpName": "[concat(variables('azFwName'), '-pip')]",
        "azErGwSubnetId": "[concat('/subscriptions/', parameters('connectivitySubscriptionId'), '/resourceGroups/', variables('rgName'),'/providers/Microsoft.Network/virtualNetworks/', variables('hubname'), '/subnets/GatewaySubnet')]",
        "azErGwPipId": "[concat('/subscriptions/', parameters('connectivitySubscriptionId'), '/resourceGroups/', variables('rgName'), '/providers/Microsoft.Network/publicIPAddresses/', variables('azErGwIpName'))]",
        "azFwSubnetId": "[concat('/subscriptions/', parameters('connectivitySubscriptionId'), '/resourceGroups/', variables('rgName'),'/providers/Microsoft.Network/virtualNetworks/', variables('hubname'), '/subnets/AzureFirewallSubnet')]",
        "azFwPipId": "[concat('/subscriptions/', parameters('connectivitySubscriptionId'), '/resourceGroups/', variables('rgName'), '/providers/Microsoft.Network/publicIPAddresses/', variables('azFwIpName'))]",
        "resourceDeploymentName": "[take(concat(deployment().name, '-hubspoke'), 64)]",
        "gwSubnet": [
            {
                "name": "GatewaySubnet",
                "properties": {
                    "addressPrefix": "[parameters('subnetMaskForGw')]"
                }
            }
        ],
        "fwSubnet": [
            {
                "name": "AzureFirewallSubnet",
                "properties": {
                    "addressPrefix": "[parameters('subnetMaskForAzFw')]"
                }
            }
        ]
    },
    "resources": [
        {
            "condition": "[and(equals(parameters('enableHub'), 'Yes'), not(empty(parameters('connectivitySubscriptionId'))))]",
            "type": "Microsoft.Resources/deployments",
            "apiVersion": "2019-10-01",
            "location": "[deployment().location]",
            "name": "[concat('EntScale', '-connectivityHubSub')]",
            "subscriptionId": "[parameters('connectivitySubscriptionId')]",
            "properties": {
                "mode": "Incremental",
                "template": {
                    "$schema": "https://schema.management.azure.com/schemas/2018-05-01/subscriptionDeploymentTemplate.json#",
                    "contentVersion": "1.0.0.0",
                    "parameters": {},
                    "resources": [
                        {
                            "type": "Microsoft.Resources/resourceGroups",
                            "apiVersion": "2019-10-01",
                            "location": "[deployment().location]",
                            "name": "[variables('rgName')]",
                            "properties": {}
                        },
                        {
                            "type": "Microsoft.Resources/deployments",
                            "apiVersion": "2019-10-01",
                            "name": "[variables('resourceDeploymentName')]",
                            "resourceGroup": "[variables('rgName')]",
                            "dependsOn": [
                                "[concat('Microsoft.Resources/resourceGroups/', variables('rgName'))]"
                            ],
                            "properties": {
                                "mode": "Incremental",
                                "template": {
                                    "$schema": "https://schema.management.azure.com/schemas/2019-04-01/deploymentTemplate.json#",
                                    "contentVersion": "1.0.0.0",
                                    "parameters": {},
                                    "resources": [
                                        {
                                            "name": "[variables('hubName')]",
                                            "type": "Microsoft.Network/virtualNetworks",
                                            "apiVersion": "2020-04-01",
                                            "location": "[parameters('location')]",
                                            "properties": {
                                                "addressSpace": {
                                                    "addressPrefixes": [
                                                        "[parameters('addressPrefix')]"
                                                    ]
                                                },
                                                "subnets": "[
                                                             union(
                                                                  if(
                                                                      not(
                                                                          empty(parameters('subnetMaskForGw'))), variables('gwSubnet'), json('[]')), 
                                                                          if(
                                                                              not(
                                                                                  empty(parameters('subnetMaskForAzFw'))), variables('fwSubnet'), json('[]')))]"
                                            }
                                        },
                                        {
                                            "condition": "[and(equals(parameters('enableVpnGw'), 'Yes'), not(empty(parameters('subnetMaskForGw'))))]",
                                            "apiVersion": "2020-05-01",
                                            "type": "Microsoft.Network/publicIpAddresses",
                                            "location": "[parameters('location')]",
                                            "name": "[variables('azVpnGwIpName')]",
                                            "properties": {
                                                "publicIPAllocationMethod": "Dynamic"
                                            }
                                        },
                                        {
                                            "condition": "[and(equals(parameters('enableVpnGw'), 'Yes'), not(empty(parameters('subnetMaskForGw'))))]",
                                            "apiVersion": "2020-05-01",
                                            "name": "[variables('vpngwname')]",
                                            "type": "Microsoft.Network/virtualNetworkGateways",
                                            "location": "[parameters('location')]",
                                            "dependsOn": [
                                                "[concat('Microsoft.Network/publicIPAddresses/', variables('azVpnGwIpName'))]",
                                                "[concat('Microsoft.Network/virtualNetworks/', variables('hubName'))]"
                                            ],
                                            "properties": {
                                                "gatewayType": "Vpn",
                                                "vpnType": "[parameters('vpnGwType')]",
                                                "ipConfigurations": [
                                                    {
                                                        "name": "default",
                                                        "properties": {
                                                            "privateIPAllocationMethod": "Dynamic",
                                                            "subnet": {
                                                                "id": "[variables('azVpnGwSubnetId')]"
                                                            },
                                                            "publicIpAddress": {
                                                                "id": "[variables('azVpnGwPipId')]"
                                                            }
                                                        }
                                                    }
                                                ],
                                                "sku": {
                                                    "name": "VpnGw1",
                                                    "tier": "VpnGw1"
                                                }
                                            }
                                        },
                                        {
                                            "condition": "[and(equals(parameters('enableErGw'), 'Yes'), not(empty(parameters('subnetMaskForGw'))))]",
                                            "apiVersion": "2020-05-01",
                                            "type": "Microsoft.Network/publicIpAddresses",
                                            "location": "[parameters('location')]",
                                            "name": "[variables('azErGwIpName')]",
                                            "properties": {
                                                "publicIPAllocationMethod": "Dynamic"
                                            }
                                        },
                                        {
                                            "condition": "[and(equals(parameters('enableErGw'), 'Yes'), not(empty(parameters('subnetMaskForGw'))))]",
                                            "apiVersion": "2020-05-01",
                                            "name": "[variables('erGwName')]",
                                            "type": "Microsoft.Network/virtualNetworkGateways",
                                            "location": "[parameters('location')]",
                                            "dependsOn": [
                                                "[concat('Microsoft.Network/publicIPAddresses/', variables('azErGwIpName'))]",
                                                "[concat('Microsoft.Network/virtualNetworkGateways/', variables('vpngwname'))]",
                                                "[concat('Microsoft.Network/virtualNetworks/', variables('hubName'))]"
                                            ],
                                            "properties": {
                                                "gatewayType": "ExpressRoute",
                                                "ipConfigurations": [
                                                    {
                                                        "name": "default",
                                                        "properties": {
                                                            "privateIPAllocationMethod": "Dynamic",
                                                            "subnet": {
                                                                "id": "[variables('azErGwSubnetId')]"
                                                            },
                                                            "publicIpAddress": {
                                                                "id": "[variables('azErGwPipId')]"
                                                            }
                                                        }
                                                    }
                                                ],
                                                "sku": {
                                                    "name": "Standard",
                                                    "tier": "Standard"
                                                }
                                            }
                                        },
                                        {
                                            "condition": "[and(equals(parameters('enableAzFw'), 'Yes'), not(empty(parameters('subnetMaskForAzFw'))))]",
                                            "apiVersion": "2020-05-01",
                                            "type": "Microsoft.Network/publicIpAddresses",
                                            "name": "[variables('azFwIpName')]",
                                            "location": "[parameters('location')]",
                                            "sku": {
                                                "name": "Standard"
                                            },
                                            "properties": {
                                                "publicIPAllocationMethod": "Static"
                                            }
                                        },
                                        {
                                            "condition": "[and(equals(parameters('enableAzFw'), 'Yes'), not(empty(parameters('subnetMaskForAzFw'))))]",
                                            "apiVersion": "2020-05-01",
                                            "type": "Microsoft.Network/azureFirewalls",
                                            "name": "[variables('azfwname')]",
                                            "location": "[parameters('location')]",
                                            "dependsOn": [
                                                "[concat('Microsoft.Network/publicIpAddresses/', variables('azFwIpName'))]",
                                                "[concat('Microsoft.Network/virtualNetworks/', variables('hubName'))]"
                                            ],
                                            "properties": {
                                                "sku": {
                                                    "Name": "AZFW_VNet",
                                                    "Tier": "Standard"
                                                },
                                                "ipConfigurations": [
                                                    {
                                                        "name": "[variables('azFwIpName')]",
                                                        "properties": {
                                                            "subnet": {
                                                                "id": "[variables('azFwSubnetId')]"
                                                            },
                                                            "publicIPAddress": {
                                                                "id": "[variables('azFwPipId')]"
                                                            }
                                                        }
                                                    }
                                                ]
                                            }
                                        }
                                    ]
                                }
                            }
                        }
                    ]
                }
            }
        }
    ]
}