{
    "$schema": "https://schema.management.azure.com/schemas/2019-08-01/tenantDeploymentTemplate.json#",
    "contentVersion": "1.0.0.0",
    "parameters": {
        "topLevelManagementGroupPrefix": {
            "type": "string",
            "maxLength": 5
        },
        "managementSubscriptionId": {
            "type": "string",
            "maxLength": 36
        },
        "enableLogAnalytics": {
            "type": "string",
            "defaultValue": "No",
            "allowedValues": [
                "Yes",
                "No"
            ],
            "metadata": {
                "description": "If 'Yes' is selected when also adding a subscription for management, ARM will assign two policies to enable auditing in your environment, into the Log Analytics workspace for platform monitoring. If 'No', it will be ignored."
            }
        },
        "retentionInDays": {
            "type": "string"
        }
    },
    "variables": {
        "policyDefinitions": {
            "deployLogAnalytics": "[concat('/providers/Microsoft.Management/managementGroups/', parameters('topLevelManagementGroupPrefix'), '/providers/Microsoft.Authorization/policyDefinitions/Deploy-Log-Analytics')]"
        },
        "policyAssignmentNames": {
            "logAnalytics": "Deploy-Log-Analytics"
        },
        "rbacOwner": "8e3af657-a8ff-443c-a75c-2fe8c4bcb635",
        "roleAssignmentNames": {
            "deployLogAnalytics": "[guid(concat(parameters('topLevelManagementGroupPrefix'), variables('policyAssignmentNames').logAnalytics))]"
        },
        "resourceDeploymentName": "[take(concat('mgmt', deployment().location, deployment().name), 64)]"
    },
    "resources": [
        {
            "condition": "[and(not(empty(parameters('managementSubscriptionId'))),equals(parameters('enableLogAnalytics'), 'Yes'))]",
            "type": "Microsoft.Authorization/policyAssignments",
            "apiVersion": "2018-05-01",
            "name": "[variables('policyAssignmentNames').loganalytics]",
            "location": "[deployment().location]",
            "identity": {
                "type": "SystemAssigned"
            },
            "properties": {
                "description": "Deploy-Log-Analytics",
                "displayName": "Deploy-Log-Analytics",
                "policyDefinitionId": "[variables('policyDefinitions').deployLogAnalytics]",
                "scope": "[concat('/providers/Microsoft.Management/managementGroups/', parameters('topLevelManagementGroupPrefix'), '-management')]",
                "parameters": {
                    "workspaceName": {
                        "value": "[concat(parameters('topLevelManagementGroupPrefix'), '-la-', parameters('managementSubscriptionId'))]"
                    },
                    "automationAccountName": {
                        "value": "[concat(parameters('topLevelManagementGroupPrefix'), '-a-', parameters('managementSubscriptionId'))]"
                    },
                    "workspaceRegion": {
                        "value": "[deployment().location]"
                    },
                    "automationRegion": {
                        "value": "[deployment().location]"
                    },
                    "rgName": {
                        "value": "[concat(parameters('topLevelManagementGroupPrefix'), '-mgmt')]"
                    },
                    "retentionInDays": {
                        "value": "[parameters('retentionInDays')]"
                    }
                }
            }
        },
        {
            "condition": "[and(not(empty(parameters('managementSubscriptionId'))),equals(parameters('enableLogAnalytics'), 'Yes'))]",
            "type": "Microsoft.Authorization/roleAssignments",
            "apiVersion": "2019-04-01-preview",
            "name": "[variables('roleAssignmentNames').deployLogAnalytics]",
            "dependsOn": [
                "[variables('policyAssignmentNames').loganalytics]"
            ],
            "properties": {
                "principalType": "ServicePrincipal",
                "roleDefinitionId": "[concat('/providers/Microsoft.Authorization/roleDefinitions/', variables('rbacOwner'))]",
                "principalId": "[toLower(reference(concat('/providers/Microsoft.Authorization/policyAssignments/', variables('policyAssignmentNames').loganalytics), '2018-05-01', 'Full' ).identity.principalId)]"
            }
        },
        {
            "condition": "[and(not(empty(parameters('managementSubscriptionId'))),equals(parameters('enableLogAnalytics'), 'Yes'))]",
            "type": "Microsoft.Resources/deployments",
            "apiVersion": "2019-10-01",
            "name": "[variables('resourceDeploymentName')]",
            "location": "[deployment().location]",
            "dependsOn": [
                "[resourceId('Microsoft.Authorization/roleAssignments/', variables('roleAssignmentNames').deployLogAnalytics)]"
            ],
            "subscriptionId": "[parameters('managementSubscriptionId')]",
            "properties": {
                "mode": "incremental",
                "template": "[reference(variables('policyDefinitions').deployLogAnalytics, '2018-05-01').policyRule.then.details.deployment.properties.template]",
                "parameters": "[reference(concat('/providers/Microsoft.Management/managementGroups/', parameters('topLevelManagementGroupPrefix'), '-management', '/providers/Microsoft.Authorization/policyAssignments/', variables('policyAssignmentNames').loganalytics), '2018-05-01').parameters]"
            }
        }
    ],
    "outputs": {}
}